14010,france,versailles,111 versailles way,louis xiv,france,ooo,
13940,India,NOIDA,Wishtown,Lalchand,Uttar Pradesh,201301,
13937,United States,Plano,3001 com,Ahmed Fattouh,Texas,77777,
13934,United States,San Francisco,12 Sitcom,Scott Mat,California,75111,
13942,India,mumbai,andheri,sachin,maharastra,123456,
13946,India,blr,77 kempanna,Avinash,karnataka,122001,
13943,India,DEHRADUN,Bhaniyawala\, Dehradun,yashvi rawat,Uttarakhand,248140
13944,,new,st-1,viru,,,
13949,Test1,Test2,Test1,Test1,Test1,Test1,
13978,US,New York,Street,Third time,Don't remember,94111,
13964,CA LI BA QUE,DIT ME MAY,DAU BUOI,Free,EZ VCL,123000,
13976,United States,Big Apple,35 Street Name,New Name,Same as before,94111,
13928,United States,Indianapolis,1111 Ash Street,JMS Tester,Indiana,44444,
13952,India,NOIDA,sector-134\,,Lalchand,Uttar Pradesh,201301
13931,,a,a,a,,,
13935,USA,Houston,1234 DB,DB Mule,Texas,77001,
13961,Unired states,Plano,100 com,Mule Test200,Texas,77777,
13980,Canada,Burnaby,7777 Royal Oak Ave,Hans,BC,6969,
13966,United States,Plano,1000 com,Mule Fattouh Test,Texas,99991,
13969,Japan,koto-ku 3-4-43,Grandesta 330,Maxwell Mule,Tokyo,1360075,
13954,India,ghaziabad,sect-9,viru,Uttar Pradesh,123456,
13974,United States,San Francisco,77 Geary Street,Max Mule,California,94111,
13968,Donk,Donkville,Donk St,Donk2,Donkaria,1234,
13967,United States,Plano,100 parkway,Fattouh Test,Texas,99991,
13935,USA,Houston,1234 DB,DB Mule,Texas,77001,
13934,United States,San Francisco,12 Sitcom,Scott Mat,California,75111,
13976,United States,Big Apple,35 Street Name,New Name,Same as before,94111,
13973,India,Bengaluru,Bengaluru,Santosh,Karnataka,560091,
13949,Test1,Test2,Test1,Test1,Test1,Test1,
13971,Philippines,San Pedro,Brgy. Langgam,Jayson Acero,Laguna,4023,
13969,Japan,koto-ku 3-4-43,Grandesta 330,Maxwell Mule,Tokyo,1360075,
13928,United States,Indianapolis,1111 Ash Street,JMS Tester,Indiana,44444,
13942,India,mumbai,andheri,sachin,maharastra,123456,
13946,India,blr,77 kempanna,Avinash,karnataka,122001,
13989,US,mississuaga,abc,Free,on,l5,
13944,,new,st-1,viru,,,
14006,ireland,london,dub,dublin,na,3455,
13980,Canada,Burnaby,7777 Royal Oak Ave,Hans,BC,6969,
13962,United States,Plano,100 Parkway,Amir Fattouh,Texas,11111,
13966,United States,Plano,1000 com,Mule Fattouh Test,Texas,99991,
13951,India,NOIDA,Wishtown,Lalchand,Uttar Pradesh,201301,
13961,Unired states,Plano,100 com,Mule Test200,Texas,77777,
13931,,a,a,a,,,
14032,United States,Plano,1000 Comm,Fattouh B.,Texas,76666,
14045,Ireland,Dublin,Mayfield,AV2,Ireland,D6W,
13930,India,Hyderbad,Kond,Kamal,Telangana,500081,
14025,sale5,sale3,sale2,sale1,sale4,14022,
13965,United States,Plano,1000 com,Mule Fattouh Test,Texas,99991,
13986,US,mississuaga,abc,Jyoo,on,l5,
13963,Australia,Donkville,100 Test Street,Donk Test,Donkaria,1234,
13981,US,Seatle,3838 King,james,WA,6969,
14104,country cm,city cm,street cm,cm-test,state cm,postal cm,
13952,India,NOIDA,sector-134\,,Lalchand,Uttar Pradesh,201301
14105,cmg country,cmg city,cmg street,cmg test2,cmg state,cmg postal ,
14013,USA,St.Louis,100 main st,00001111Buckingham,MO,63301,
14093,India,Nagpur,Dhaba road,Rajesh1,MH,440013,
14010,france,versailles,111 versailles way,louis xiv,france,ooo,
13959,india,npet,tirumala,abc,ap,532081,
13937,United States,Plano,3001 com,Ahmed Fattouh,Texas,77777,
13954,India,ghaziabad,sect-9,viru,Uttar Pradesh,123456,
13960,United States,Plano,100 com,Mule Test100,Texas,77777,
13979,USA,Easton,100 main st,00001111crayola,PA,10101,
14031,India,Pune,Pune,Tes2,Maharashtra,411057,
13943,India,DEHRADUN,Bhaniyawala\, Dehradun,yashvi rawat,Uttarakhand,248140
13974,United States,San Francisco,77 Geary Street,Max Mule,California,94111,
14007,nj6,nj3,nj2,nj1,nj4,nj5,
14043,Netherlands,ons dorp,dorpstraat 8,jan puk,,94111,
13970,Japan,koto-ku 3-4-43,Grandesta 330,Maxwell Mule,Tokyo,94111,
13958,united states,Plano ,12 comm st,Mule Test,Texas,77777,
13940,India,NOIDA,Wishtown,Lalchand,Uttar Pradesh,201301,
13991,US,mississuaga,abc,Test1,on,l5,
14003,test5,test2,test1,test,test3,test4,
13964,CA LI BA QUE,DIT ME MAY,DAU BUOI,Free,EZ VCL,123000,
13983,India,GURUGRAM,565,hi,Haryana,122002,
13999,dsffsdfsf,sssss,,asdsad,,94333,
14000,FRANCE,le verger,RUE DU HUIT,VARAULE,BREATAGNE,35160,
13972,netherlands,ons dorp,dorpstraat ,pietje,,1000aa,
14033,USA,Plano,1000 Comm,B. Fattouh,Texas,76666,
13968,Donk,Donkville,Donk St,Donk2,Donkaria,1234,
13978,US,New York,Street,Third time,Don't remember,94111,
14052,India,Dekhi,77 Grey Street,Mule Max,Delhi,411057,
14054,India,Delhi,gs,Mule,Delhi,411057,
14051,Dromenland,nogeenStad,straatjeloten,wendy,verweg,6345,
14058,test123,test123,test123,test123,test123,5555,
14059,test321,test321,test321,test321,test321,5555,
14075,Fondueland,Bar,Foostreet 2,KP,BarBar,5569,
14082,France,New York,airport road,Lucila,New York,1230321,
14084,Canada,Mississauga,Airport Road,Sarah,Ontario,1230321,
14121,usa,Beverly hills,my street 123,more test,ca,90024,
13925,usa,fremont,testing 123,test,ca,test23,
13932,India,Hyderbad,Kond,Kamal,Telangana,500081,
13982,India,hdjkhxclkj,132,Hey,sshgh,122002,
13933,United States,San Francisco,77 Geary Street,Max Mule,California,75093,
13984,M�xico,Monterrey,Constituci�n,Burgeru Kingu,Nuevo Le�n,67199,
14004,f,c,b,a,d,e,
14011,england,westminster,999 westminster palace,henry III,england,999,
14024,test5,test3,test2,test1,test4,14022,
14012,fdslakjfas,blksjdfl;sjf,bblah,blah,dlajsdfals;j,fdljasfa,
14014,Hong Kong,Hong Kong,5789 east 9th ave,robert renfro,Hong Kong,888,
14026,India,bbbbb,eeee,nnnn,cccc,14022,
14037,India,Pune,Pune,Test5,Maharashtra,411057,
14079,NLD,Pietstad,Pietstraat,Pietje,Pietrecht,2231PT,
14095,India,Nagpur,Dhaba road,Pravin,MH,440013,
13922,India,New Delhi,push vihar,shweta,Delhi,110023,
14097,UK,Manchester,10 Manchester Road,Davey Baby,N/A,M1 2MM,
14107,PH,Uno,21 Man St.,sample_m,Uno,1515,
13923,India,ghaziabad,sec-6,sonal,UTTAR PRADESH,201010,
13953,India,mumbai,andheri,sachin,maharastra,123456,
13956,India,Lucknow,Hm road,sonia,Uttar Pradesh,200100,
13957,United States,Plano,301 test st,Mule Test,Texas,77777,
13975,United States,San Francisco,77 Geary Street,Maxwell Mule,California,94111,
14034,US,plano ,10 Co,fattoiuh B,Texas,76666,
14035,India,Pune,Pune,Test3,Maharashtra,411057,
14038,India,Pune,Pune,Test7,Maharashtra,411057,
14039,India,Pune,Pune,Tesy10,Maharashtra,411057,
14040,Sweden,Gothenburg,,Test Testsson,,,
13993,Portugal,Lisbon,calle real,Nelson Dias,,2700,
13987,US,def,abc,Jy,on,l5,
13994,Portugal,Amadora,Call de dios,Andre,,,
14027,Canada,Vancouver,7777 Royal oak ave,jiang,BC,T2K 3Y6,
13995,Portugal,Lisboaaaaa,fdfsdfsdf,Nelson Dias,,2700-502,
14015,Hong Kong,Hong Kong,5789 1east 9th ave,robert renfro1,Hong Kong,888,
13992,USA,mississuaga,abc,j,on,l5,
13996,Portugal,Porto,sdsdsdsd,aaaaaa,,22222,
13997,cxcxczc,adasdad,,asdasdad,,2222,
13998,Portugal,Lisbon,Test Street,Test,,94333,
14001,SJV,SJV,SJVStreet,SJV,SJV,SJV1234,
14016,england,westminster,westminster palace,henry plantagenet,england,999999,
14002,SJV1234-2,SJV1234-2,SJV1234-2,SJV1234-2,SJV1234-2,SJV1234,
14005,yy,mm,jj,nn,vv,aa,
14009,rome,rome,999 capitoline hill,marcus tulius cicero,rome,0,
14022,abc,cc,bb,aa,dd,3107,
14020,New Zealand,West Domenicohaven,2909 Reyna Fort\, Apt. 297,Timothy Batzz,Massachusetts,66222
14008,USA,Alpharetta,Test123,Test123,GEORGIA,30004,
14019,New Zealand,West Domenicohaven,2909 Reyna Fort\, Apt. 297,Timothy Batzz,Massachusetts,66222
14018,Mexico,Mexico,Rose Venus,Max Mule,Mexico,5890,
14017,India,bbbbb,eeee,nnnn,cccc,30004,
14042,Netherlands,Ons Dorp,dorpstraat 6,pietje puk 3,,94111,
14029,India,Pune,Pune,Sagar Chugh,Maharashtra,411057,
14030,India,pune,Pune,Test,Maharashtra,411057,
14036,US,PLANO,100 COM,Fattouh B.,TX,76666,
14021,New Zealand,Dunedin,51 Clyde Street,Geoffrey Hughes,Otago,9016,
14023,Australia,Glen Waverley,High Street,AravRocks,VIC,3150,
14028,United States,Plano,100 Comm,Fattouh Yassine,Texas,76666,
14064,US,SF,23434 sf,Mule test,CA,72222,
14109,cmgp coluntry,cmgp city,cmgp street,cmgp name,cmgp state,cmgp postal,
14112,e,c,b,a,d,cmg postal,
14041,Netherlands,Ons Dorp,dorpstraat 4,pietje puk 2,,,
14071,USA,clarkston,1515 wild circle,mule,GA,30021,
14062,US,SFO,100 SFO,Mule Test 2,CA,72222,
14044,Dromenland,Oranje,Dorpsstraat 43,Henk bovendijk,Provincie,12345,
14060,US,SFO,1000 sfo,mule test,CA,81111,
14048,Netherlands,Ons Dorp,dorpstraat 4,Viva,,94111,
14063,US,SF,100 SF,Mule Test,CA,72222,
14069,test co,test,test str,varad,test St,test po,
14049,Dromenland,Oranje,Stadsstraat 34,Henk bovendijk,Zuidholland,1234321,
14050,Spanje,Hon Kong,tweedestraat 2,Jacque,Belgie,2837,
14046,SWEDEN,Gothenburg,,Test Testsson,,,
14047,Sweden,Stockholm,,Test Testsson,,94111,
14056,England,Cantebury,111 Canterbury ,thomas beckett,Cantebury,94111,
14055,England,Cantebury,111 Canterbury ,thomas beckett,Cantebury,88881,
14057,iiiii,yyy,xxx,RK,zzz,5555,
14053,India,Delhi,77 Grey Street,Max,Delhi,411057,
14065,US,SF,124 sf,Mule test,CA,72222,
14068,US,san francisco,702 st,Max Mule,california,7687,
14076,us,test,test,alerts,test,600000,
14078,Fondueland,blubber,blubb,KP,blubberbluue,5400,
14080,Test,Test,Test,Test,Test,2231TS,
14090,AUS,,Stephenson Road,Jim,VIC,3150,
14103,United Kingdom,london,115b graham road\, hackney,nicholas ogundipe,Hackney,e8 1pb
14073,USA,Springfield ,Evergreen Terrace,Homer,How knows,12345,
14081,NLD,Mies,Mies,Mies,Mies,2208MS,
14072,USA,aws,Nick,Jack,MN,90909,
14094,India,Nagpur,Dhaba road,Rajesh12,MH,440013,
14098,Belgium,Zonhoven,Runkstersteenweg 4,Aaron Noels,Limburg,3520,
14077,Fondueland,foobarhome,barstreet,fo,homefoo,5400,
14083,Canada,Mississauga,Airport Road,Chantelle,Ontario,1230321,
14074,USA,Springfield,Evergreen Terrace,Marge Simpson,How knows,12345,
14099,AMERICA,Kentucky,Highway,Dwane,OHIO,98765,
14101,Peronia,otra ciudad,otra calle,otro gato,otro estado,12345,
14102,Peronia,otra ciudad,otra calle,otro gato,otro estado,1234,
14087,USA,George town,king st,Masho,VA,90909,
14088,USA,America,America,Don Juan,WN,30320,
14086,Canada,Toronto,Airport Road,Jessica,Ontario,1230321,
14085,Canada,Mississauga,5587 Creditrise Place,Saba Karim,Ontario,M3M1J8,
13924,India,mumbai,andheri,sonam,maharastra,123456,
14089,USA,Jackson Field,Greek st.,Master Moe,TN,21322,
14091,OZ,Glen,,Jack,VIC,3150,
14092,India,Nagpur,Dhaba road,Rajesh,MH,440013,
14096,Netherlands,Test2,Test2,Test2,Test2,411057,
14100,Argentina,ba,street,new,ba,1234,
13929,United States,Indianapolis,1111 Ash Street2,JMS Tester2,Indiana,44444,
13938,Netherlands,Amstelveen,Marne 21,Arijit,Noord Hooland,1186PA,
13939,,new delhi,ks marg,ranjan,,,
14114,Belgium,brussels,211 rue royal,krish,Brussels,1030,
14106,test,test,test,tesst,test,test,
14113,United States,New York,15 Saint Marks Place,Wenqing Li,New York,10003,
14119,usa,west hills,1234 test,test3,ca,91307,
14120,us,ny city,aome stereet,anotehr tests,ca,91307,
13945,India,raurkela,st-2,budhiya,odisha,123456,
13947,India,bangalore,123 hjkl,ak,kntk,111000,
14108,sfsf,sdf,dsf,df,sdf,sdf,
14122,India,Greater Noida,NIIT,Gaurav Chauhan,Uttar Pradesh,201308,
14116,United State,New York,Broadway ,Victoria,New York,10003,
14111,spain,Madrid,Pepa 1,Pepa,Madrid,29087,
14110,ji country,ji city,ji street,ji name,ji state,ji postal,
14117,U.S.A,Valley,123 test,Another test,Ca,91307,
14115,www,www,www,wwww,ww,1030,
14118,usa,Beverly hills,my street 123,more test,ca,90024,
13936,United States,Houston,1234 DB,DB Mule,Texas,77001,
13948,Test Country,Test City,Test Streed,Test Name,Test State,Test postal,
13977,qqq,qqq,qqq,qqq,qqq,560091,
13988,US,mississuaga,abc,av,on,l5,
14061,US,sfo,100 SFO,mule mule ,CA,81111,
14066,Unknown,Hogworts,123 Gryffendor Way,Harry Potter,Magic,12345,
14067,UK,London,Baker Street,Sherlock,GB,411002,
14070,Unknown,Hogworts,Gryffendor,Hermione Granger,UNK,12345,
13927,United States,Indianapolis,JMS,JMS tester,Indiana,44444,
13926,United States,Indianapolis,1111 Ash Street,JMS Tester,Indiana,44444,
13941,India,DEHRADUN,Bhaniyawala\, Dehradun,Kuldeep Rana,Uttarakhand,248140
13950,India,raurkela,purana bazar,budhiya,odisha,123456,
13955,India,Lucknow,hirapur,soma,Uttar Pradesh,200100,
13985,M�xico,Monterrey,Constituci�n,Carulusu Jr,Nuevo Le�n,67199,
13990,USA,def,abc,Jy,on,l5,
14010,france,versailles,111 versailles way,louis xiv,france,ooo
14139,India,2,1,Abdul,3,1337
14136,Pampers Diaper,Pampers Diaper2,Pampers Diaper2,Pampers Diaper2,Pampers Diaper2,1337
14142,d,d,d,d,d,1337
14144,United States,Royal,12345 Paradise Palms,DaForgottenGod,Brooklyn,11229
14145,United States,San Francisco,77 Geary Street,Max Mule,California,999111
14146,Ro,C1,S1,N1,Ro,01
14148,United States,San Francisco,77 Geary Street,Max Mule,California,94111
14151,Aus,New,XYZ,abcd,Your,3498
14166,Austria,Wien,9,Test #1,--None--,1020
14169,LA,Lebron,Street,Fernando,GOAT,4470
14180,USA,Bedrock,321 Bedrock Dr,Barney Rubble,Bedrock,94111
14125,India,Greater Noida,Alpha-1,Kulpreet Kaur,Haryana,20132
14130,United States,San Francisco,77 Geary Street,Max Mule,California,94111
14133,India,Bangalore,Green Glen Layout,Deepti jain,Karnataka,560103
14135,Pampers Diaper,Pampers Diaper,Pampers Diaper,Pampers Diaper,Pampers Diaper,1337
14137,&#9829;,&#9829;,&#9829;,&#9829;,&#9829;,&#9829;
14154,df,ff,ff,ff,ff,22
14158,fdf,hhs,fsd,fs,fag,55129
14163,India,Bangalore,Bellandur,MaxMule,Karnataka,560103
14182,iausdfh,asdfadsf,Sfasd,Alex Strag,hjkblikh,V4A1S2
14156,abc,dgas,dd street,dino,ca,55129
14170,dream,dream,dream,ptam,dream,11111
14173,dream,dream,dream,ptam,dream,11111
14176,sd,1,ej,Ejemplo,ew,11112
14160,asd,asd,asd,asd,asd,asd
14167,Ju Test,Ju Test,Ju Test,Ju Test,Ju Test,Ju Test
14161,,,,Max Mule,,1337
14165,Portugal,maia,Rua da Wipro,Daniel,Florida,4470
14162,polandia,miasteczna,uliczna,Dzooooana,stolicowo,01001
14164,Portugal,maia,Rua da Wipro,Daniel,Florida,4470
14168,LA,Lebron,Street,Fernando,GOAT,4470
14171,Mozambique,Jordan,Falsa,Juan,6rings,11112
14033,USA,Plano,1000 Comm,B. Fattouh,Texas,76666
14175,brazil,sao paulo,sdfljsfdklj,Andre 2,sao paulo,03406-000
14174,Pitcairn Island,Bryant,Falsa,Pepe,5rings,11112
14178,Canada,kelowna,1234 hallowstreet,Alan Shawn,VBS,V4A1S2
14191,New Zealand,Auckland,Dominion Road,JADED,Auckland,1024
14193,New Zealand,Auckland,Domino Road,Jagger,Auckland,1024
14003,test5,test2,test1,test,test3,test4
14181,Camada,Kelowna,2311 Hallowstreet,Alexi Stognoff,VBS,V4A1S2
14007,nj6,nj3,nj2,nj1,nj4,nj5
14013,USA,St.Louis,100 main st,00001111Buckingham,MO,63301
14031,India,Pune,Pune,Tes2,Maharashtra,411057
14025,sale5,sale3,sale2,sale1,sale4,14022
14043,Netherlands,ons dorp,dorpstraat 8,jan puk,,94111
14045,Ireland,Dublin,Mayfield,AV2,Ireland,D6W
14093,India,Nagpur,Dhaba road,Rajesh1,MH,440013
14104,country cm,city cm,street cm,cm-test,state cm,postal cm
14105,cmg country,cmg city,cmg street,cmg test2,cmg state,cmg postal 
14132,France,Paris,placeholder,yashvi rawat,France,000000001
14153,JAPAN,jinga,jingo street,jingo,dinga,2211221122
14172,Brazil,Sao Paulo,Rua A,Andre Carlos da Silva,Sao Paulo,03406-000
13999,dsffsdfsf,sssss,,asdsad,,94333
14006,ireland,london,dub,dublin,na,3455
14183,hdsafhg,uiohygo8t7ig,asfasdf,maxxy,yugouytg,V4A1S2
14185,New Zealand,Auckland,Dominion Road,FS Accounts,Auckland,1024
14188,New Zealand,Auckland,Dominion Road,JADE,Auckland,1024
14000,FRANCE,le verger,RUE DU HUIT,VARAULE,BREATAGNE,35160
14032,United States,Plano,1000 Comm,Fattouh B.,Texas,76666
14052,India,Dekhi,77 Grey Street,Mule Max,Delhi,411057
14054,India,Delhi,gs,Mule,Delhi,411057
14051,Dromenland,nogeenStad,straatjeloten,wendy,verweg,6345
14058,test123,test123,test123,test123,test123,5555
14059,test321,test321,test321,test321,test321,5555
14075,Fondueland,Bar,Foostreet 2,KP,BarBar,5569
14082,France,New York,airport road,Lucila,New York,1230321
14084,Canada,Mississauga,Airport Road,Sarah,Ontario,1230321
14121,usa,Beverly hills,my street 123,more test,ca,90024
14127,india,greater noida,techzone,Arpana Tyagi,uttar pradesh,201302
14134,Pampers Diaper,Pampers Diaper,Pampers Diaper,Pampers,Pampers Diaper,Pampers Diaper
14184,New Zealand,Auckland,Dominion Road,FS Accounts,Auckland,1024
14186,New Zealand,Auckland,Dominion Road,FS Accounts One,Auckland,1024
14004,f,c,b,a,d,e
14011,england,westminster,999 westminster palace,henry III,england,999
14012,fdslakjfas,blksjdfl;sjf,bblah,blah,dlajsdfals;j,fdljasfa
14014,Hong Kong,Hong Kong,5789 east 9th ave,robert renfro,Hong Kong,888
14024,test5,test3,test2,test1,test4,14022
14026,India,bbbbb,eeee,nnnn,cccc,14022
14037,India,Pune,Pune,Test5,Maharashtra,411057
14079,NLD,Pietstad,Pietstraat,Pietje,Pietrecht,2231PT
14095,India,Nagpur,Dhaba road,Pravin,MH,440013
14097,UK,Manchester,10 Manchester Road,Davey Baby,N/A,M1 2MM
14107,PH,Uno,21 Man St.,sample_m,Uno,1515
14155,India,Bangalore,#108\, Celebration Block-6\,\, SunCity Apt\, Bellandur,Marcus Robertson,Karnataka,560102
14159,ABCDE,ABC,AB,A,ABCD,1234
14177,USA,Somewhere,555 NW Main St,Bob Smith,Someplace,94320
14034,US,plano ,10 Co,fattoiuh B,Texas,76666
14035,India,Pune,Pune,Test3,Maharashtra,411057
14038,India,Pune,Pune,Test7,Maharashtra,411057
14039,India,Pune,Pune,Tesy10,Maharashtra,411057
14040,Sweden,Gothenburg,,Test Testsson,,
14189,New Zealand,Auckland,1Dominion Road ,EliteDisplay221C,Auckland,1024
14195,United States,Chicago,1040 West Addison,Scottie Pippen,IL,60616
14027,Canada,Vancouver,7777 Royal oak ave,jiang,BC,T2K 3Y6
14015,Hong Kong,Hong Kong,5789 1east 9th ave,robert renfro1,Hong Kong,888
14194,USA,Chicago,1040 West Addision,Michael Jordan,IL,60616
13996,Portugal,Porto,sdsdsdsd,aaaaaa,,22222
14196,india,mumbai,mg road,abc,maharashtra,11111
13997,cxcxczc,adasdad,,asdasdad,,2222
13998,Portugal,Lisbon,Test Street,Test,,94333
14001,SJV,SJV,SJVStreet,SJV,SJV,SJV1234
14016,england,westminster,westminster palace,henry plantagenet,england,999999
14002,SJV1234-2,SJV1234-2,SJV1234-2,SJV1234-2,SJV1234-2,SJV1234
14005,yy,mm,jj,nn,vv,aa
14009,rome,rome,999 capitoline hill,marcus tulius cicero,rome,000
14022,abc,cc,bb,aa,dd,3107
14020,New Zealand,West Domenicohaven,2909 Reyna Fort\, Apt. 297,Timothy Batzz,Massachusetts,66222
14008,USA,Alpharetta,Test123,Test123,GEORGIA,30004
14019,New Zealand,West Domenicohaven,2909 Reyna Fort\, Apt. 297,Timothy Batzz,Massachusetts,66222
14017,India,bbbbb,eeee,nnnn,cccc,30004
14018,Mexico,Mexico,Rose Venus,Max Mule,Mexico,05890
14042,Netherlands,Ons Dorp,dorpstraat 6,pietje puk 3,,94111
14029,India,Pune,Pune,Sagar Chugh,Maharashtra,411057
14030,India,pune,Pune,Test,Maharashtra,411057
14036,US,PLANO,100 COM,Fattouh B.,TX,76666
14021,New Zealand,Dunedin,51 Clyde Street,Geoffrey Hughes,Otago,9016
14023,Australia,Glen Waverley,High Street,AravRocks,VIC,3150
14028,United States,Plano,100 Comm,Fattouh Yassine,Texas,76666
14064,US,SF,23434 sf,Mule test,CA,72222
14109,cmgp coluntry,cmgp city,cmgp street,cmgp name,cmgp state,cmgp postal
14112,e,c,b,a,d,cmg postal
14041,Netherlands,Ons Dorp,dorpstraat 4,pietje puk 2,,
14062,US,SFO,100 SFO,Mule Test 2,CA,72222
14071,USA,clarkston,1515 wild circle,mule,GA,30021
14048,Netherlands,Ons Dorp,dorpstraat 4,Viva,,94111
14060,US,SFO,1000 sfo,mule test,CA,81111
14044,Dromenland,Oranje,Dorpsstraat 43,Henk bovendijk,Provincie,12345
14063,US,SF,100 SF,Mule Test,CA,72222
14069,test co,test,test str,varad,test St,test po
14049,Dromenland,Oranje,Stadsstraat 34,Henk bovendijk,Zuidholland,1234321
14056,England,Cantebury,111 Canterbury ,thomas beckett,Cantebury,94111
14050,Spanje,Hon Kong,tweedestraat 2,Jacque,Belgie,2837
14046,SWEDEN,Gothenburg,,Test Testsson,,
14047,Sweden,Stockholm,,Test Testsson,,94111
14065,US,SF,124 sf,Mule test,CA,72222
14055,England,Cantebury,111 Canterbury ,thomas beckett,Cantebury,88881
14057,iiiii,yyy,xxx,RK,zzz,5555
14053,India,Delhi,77 Grey Street,Max,Delhi,411057
14080,Test,Test,Test,Test,Test,2231TS
14068,US,san francisco,702 st,Max Mule,california,7687
14076,us,test,test,alerts,test,600000
14078,Fondueland,blubber,blubb,KP,blubberbluue,5400
14073,USA,Springfield ,Evergreen Terrace,Homer,How knows,12345
14090,AUS,,Stephenson Road,Jim,VIC,3150
14103,United Kingdom,london,115b graham road\, hackney,nicholas ogundipe,Hackney,e8 1pb
14123,India,Mumbai,12345 M G Road,Peter Gomes,MAHARASHTRA,422101
14098,Belgium,Zonhoven,Runkstersteenweg 4,Aaron Noels,Limburg,3520
14081,NLD,Mies,Mies,Mies,Mies,2208MS
14072,USA,aws,Nick,Jack,MN,90909
14094,India,Nagpur,Dhaba road,Rajesh12,MH,440013
14099,AMERICA,Kentucky,Highway,Dwane,OHIO,98765
14077,Fondueland,foobarhome,barstreet,fo,homefoo,5400
14083,Canada,Mississauga,Airport Road,Chantelle,Ontario,1230321
14074,USA,Springfield,Evergreen Terrace,Marge Simpson,How knows,12345
14088,USA,America,America,Don Juan,WN,30320
14101,Peronia,otra ciudad,otra calle,otro gato,otro estado,12345
14102,Peronia,otra ciudad,otra calle,otro gato,otro estado,1234
14087,USA,George town,king st,Masho,VA,90909
14089,USA,Jackson Field,Greek st.,Master Moe,TN,21322
14085,Canada,Mississauga,5587 Creditrise Place,Saba Karim,Ontario,M3M1J8
14086,Canada,Toronto,Airport Road,Jessica,Ontario,1230321
14126,India,GreaterNoida,TechZone,NishaSharma,UttarPradesh,129927
14100,Argentina,ba,street,new,ba,1234
14091,OZ,Glen,,Jack,VIC,3150
14092,India,Nagpur,Dhaba road,Rajesh,MH,440013
14096,Netherlands,Test2,Test2,Test2,Test2,411057
14114,Belgium,brussels,211 rue royal,krish,Brussels,1030
14131,France,Paris,placeholder,James,France,000000001
14140,United States,San Francisco,77 Geary Street ,Max Mule,California,94111
14141,United States,San Francisco,77 Geary Street,Max Mule,California,999111
14120,us,ny city,aome stereet,anotehr tests,ca,91307
14106,test,test,test,tesst,test,test
14113,United States,New York,15 Saint Marks Place,Wenqing Li,New York,10003
14119,usa,west hills,1234 test,test3,ca,91307
14108,sfsf,sdf,dsf,df,sdf,sdf
14147,Italia,Canosa,via Foggia,Leone di Lernia,Puglia,75099
14149,United States,San Francisco,77 Geary Street,Maxwell Mule,California,94111
14122,India,Greater Noida,NIIT,Gaurav Chauhan,Uttar Pradesh,201308
14124,India,Mumbai,12345 S B Road,James Bond,MAHARASHTRA,422101
14116,United State,New York,Broadway ,Victoria,New York,10003
14110,ji country,ji city,ji street,ji name,ji state,ji postal
14111,spain,Madrid,Pepa 1,Pepa,Madrid,29087
14138,&#128512;,&#128512;,&#128512;,&#128512;,&#128512;,&#128512;
14115,www,www,www,wwww,ww,1030
14117,U.S.A,Valley,123 test,Another test,Ca,91307
14118,usa,Beverly hills,my street 123,more test,ca,90024
14061,US,sfo,100 SFO,mule mule ,CA,81111
14150,Italy,Mola,via Bottari,Dickenson plc,Calabs,88098
14179,Make Believe,Bedrock,123 Bedrock Lane,Fred Flinstone,Bedrock,32444
14190,New Zealand,Auckland,1Dominion Road,EliteDisplay221C,Auckland,1024
14128,India,Bangalore,33\,34 utopia tarabanahalli chikkajala post bangalore-562157,Nidhi Naveen,Karnataka,562157
14066,Unknown,Hogworts,123 Gryffendor Way,Harry Potter,Magic,12345
14067,UK,London,Baker Street,Sherlock,GB,411002
14070,Unknown,Hogworts,Gryffendor,Hermione Granger,UNK,12345
14157,fsd,ds,as,sf,ad,55129
14129,India,bangalore,23\,34,dickenson plc,karnataka,562157
14143,ads,asda,das,Abdul,das,sd
14152,India,Bangalore,#108\, Celebration Block-6\,\, SunCity Apt\, Bellandur,Rakesh Kumar Gupta,Karnataka,560102
14187,New Zealand,Auckland,Dominion Road,FS Accounts One,Auckland,1024
14192,New Zealand,Auckland,Domino Road,Jagger,Auckland,1024
14136,Pampers Diaper,Pampers Diaper2,Pampers Diaper2,Pampers Diaper2,Pampers Diaper2,1337
14142,d,d,d,d,d,1337
14010,france,versailles,111 versailles way,louis xiv,france,ooo
14139,India,2,1,Abdul,3,1337
14144,United States,Royal,12345 Paradise Palms,DaForgottenGod,Brooklyn,11229
14148,United States,San Francisco,77 Geary Street,Max Mule,California,94111
14146,Ro,C1,S1,N1,Ro,01
14145,United States,San Francisco,77 Geary Street,Max Mule,California,999111
14169,LA,Lebron,Street,Fernando,GOAT,4470
14151,Aus,New,XYZ,abcd,Your,3498
14166,Austria,Wien,9,Test #1,--None--,1020
14180,USA,Bedrock,321 Bedrock Dr,Barney Rubble,Bedrock,94111
14133,India,Bangalore,Green Glen Layout,Deepti jain,Karnataka,560103
14125,India,Greater Noida,Alpha-1,Kulpreet Kaur,Haryana,20132
14135,Pampers Diaper,Pampers Diaper,Pampers Diaper,Pampers Diaper,Pampers Diaper,1337
14130,United States,San Francisco,77 Geary Street,Max Mule,California,94111
14137,&#9829;,&#9829;,&#9829;,&#9829;,&#9829;,&#9829;
14158,fdf,hhs,fsd,fs,fag,55129
14163,India,Bangalore,Bellandur,MaxMule,Karnataka,560103
14154,df,ff,ff,ff,ff,22
14170,dream,dream,dream,ptam,dream,11111
14182,iausdfh,asdfadsf,Sfasd,Alex Strag,hjkblikh,V4A1S2
14156,abc,dgas,dd street,dino,ca,55129
14173,dream,dream,dream,ptam,dream,11111
14176,sd,1,ej,Ejemplo,ew,11112
14167,Ju Test,Ju Test,Ju Test,Ju Test,Ju Test,Ju Test
14160,asd,asd,asd,asd,asd,asd
14161,,,,Max Mule,,1337
14164,Portugal,maia,Rua da Wipro,Daniel,Florida,4470
14165,Portugal,maia,Rua da Wipro,Daniel,Florida,4470
14162,polandia,miasteczna,uliczna,Dzooooana,stolicowo,01001
14168,LA,Lebron,Street,Fernando,GOAT,4470
14171,Mozambique,Jordan,Falsa,Juan,6rings,11112
14175,brazil,sao paulo,sdfljsfdklj,Andre 2,sao paulo,03406-000
14033,USA,Plano,1000 Comm,B. Fattouh,Texas,76666
14174,Pitcairn Island,Bryant,Falsa,Pepe,5rings,11112
14178,Canada,kelowna,1234 hallowstreet,Alan Shawn,VBS,V4A1S2
14193,New Zealand,Auckland,Domino Road,Jagger,Auckland,1024
14191,New Zealand,Auckland,Dominion Road,JADED,Auckland,1024
14003,test5,test2,test1,test,test3,test4
14181,Camada,Kelowna,2311 Hallowstreet,Alexi Stognoff,VBS,V4A1S2
14013,USA,St.Louis,100 main st,00001111Buckingham,MO,63301
14031,India,Pune,Pune,Tes2,Maharashtra,411057
14007,nj6,nj3,nj2,nj1,nj4,nj5
14045,Ireland,Dublin,Mayfield,AV2,Ireland,D6W
14025,sale5,sale3,sale2,sale1,sale4,14022
14043,Netherlands,ons dorp,dorpstraat 8,jan puk,,94111
14104,country cm,city cm,street cm,cm-test,state cm,postal cm
14132,France,Paris,placeholder,yashvi rawat,France,000000001
14006,ireland,london,dub,dublin,na,3455
14172,Brazil,Sao Paulo,Rua A,Andre Carlos da Silva,Sao Paulo,03406-000
14000,FRANCE,le verger,RUE DU HUIT,VARAULE,BREATAGNE,35160
14185,New Zealand,Auckland,Dominion Road,FS Accounts,Auckland,1024
14051,Dromenland,nogeenStad,straatjeloten,wendy,verweg,6345
14052,India,Dekhi,77 Grey Street,Mule Max,Delhi,411057
14082,France,New York,airport road,Lucila,New York,1230321
14105,cmg country,cmg city,cmg street,cmg test2,cmg state,cmg postal 
14093,India,Nagpur,Dhaba road,Rajesh1,MH,440013
14134,Pampers Diaper,Pampers Diaper,Pampers Diaper,Pampers,Pampers Diaper,Pampers Diaper
14011,england,westminster,999 westminster palace,henry III,england,999
13999,dsffsdfsf,sssss,,asdsad,,94333
14059,test321,test321,test321,test321,test321,5555
14153,JAPAN,jinga,jingo street,jingo,dinga,2211221122
14026,India,bbbbb,eeee,nnnn,cccc,14022
14188,New Zealand,Auckland,Dominion Road,JADE,Auckland,1024
14183,hdsafhg,uiohygo8t7ig,asfasdf,maxxy,yugouytg,V4A1S2
14121,usa,Beverly hills,my street 123,more test,ca,90024
14054,India,Delhi,gs,Mule,Delhi,411057
14186,New Zealand,Auckland,Dominion Road,FS Accounts One,Auckland,1024
14097,UK,Manchester,10 Manchester Road,Davey Baby,N/A,M1 2MM
14032,United States,Plano,1000 Comm,Fattouh B.,Texas,76666
14014,Hong Kong,Hong Kong,5789 east 9th ave,robert renfro,Hong Kong,888
14075,Fondueland,Bar,Foostreet 2,KP,BarBar,5569
14058,test123,test123,test123,test123,test123,5555
14177,USA,Somewhere,555 NW Main St,Bob Smith,Someplace,94320
14079,NLD,Pietstad,Pietstraat,Pietje,Pietrecht,2231PT
14127,india,greater noida,techzone,Arpana Tyagi,uttar pradesh,201302
14084,Canada,Mississauga,Airport Road,Sarah,Ontario,1230321
14039,India,Pune,Pune,Tesy10,Maharashtra,411057
14155,India,Bangalore,#108\, Celebration Block-6\,\, SunCity Apt\, Bellandur,Marcus Robertson,Karnataka,560102
14004,f,c,b,a,d,e
14184,New Zealand,Auckland,Dominion Road,FS Accounts,Auckland,1024
14035,India,Pune,Pune,Test3,Maharashtra,411057
14027,Canada,Vancouver,7777 Royal oak ave,jiang,BC,T2K 3Y6
14024,test5,test3,test2,test1,test4,14022
14189,New Zealand,Auckland,1Dominion Road ,EliteDisplay221C,Auckland,1024
14196,india,mumbai,mg road,abc,maharashtra,11111
14012,fdslakjfas,blksjdfl;sjf,bblah,blah,dlajsdfals;j,fdljasfa
14016,england,westminster,westminster palace,henry plantagenet,england,999999
14095,India,Nagpur,Dhaba road,Pravin,MH,440013
14194,USA,Chicago,1040 West Addision,Michael Jordan,IL,60616
14037,India,Pune,Pune,Test5,Maharashtra,411057
14022,abc,cc,bb,aa,dd,3107
14159,ABCDE,ABC,AB,A,ABCD,1234
13998,Portugal,Lisbon,Test Street,Test,,94333
14107,PH,Uno,21 Man St.,sample_m,Uno,1515
14017,India,bbbbb,eeee,nnnn,cccc,30004
14034,US,plano ,10 Co,fattoiuh B,Texas,76666
14038,India,Pune,Pune,Test7,Maharashtra,411057
14005,yy,mm,jj,nn,vv,aa
14030,India,pune,Pune,Test,Maharashtra,411057
14195,United States,Chicago,1040 West Addison,Scottie Pippen,IL,60616
14040,Sweden,Gothenburg,,Test Testsson,,
14008,USA,Alpharetta,Test123,Test123,GEORGIA,30004
13996,Portugal,Porto,sdsdsdsd,aaaaaa,,22222
14028,United States,Plano,100 Comm,Fattouh Yassine,Texas,76666
14042,Netherlands,Ons Dorp,dorpstraat 6,pietje puk 3,,94111
14001,SJV,SJV,SJVStreet,SJV,SJV,SJV1234
14015,Hong Kong,Hong Kong,5789 1east 9th ave,robert renfro1,Hong Kong,888
14021,New Zealand,Dunedin,51 Clyde Street,Geoffrey Hughes,Otago,9016
14041,Netherlands,Ons Dorp,dorpstraat 4,pietje puk 2,,
14009,rome,rome,999 capitoline hill,marcus tulius cicero,rome,000
13997,cxcxczc,adasdad,,asdasdad,,2222
14060,US,SFO,1000 sfo,mule test,CA,81111
14002,SJV1234-2,SJV1234-2,SJV1234-2,SJV1234-2,SJV1234-2,SJV1234
14019,New Zealand,West Domenicohaven,2909 Reyna Fort\, Apt. 297,Timothy Batzz,Massachusetts,66222
14049,Dromenland,Oranje,Stadsstraat 34,Henk bovendijk,Zuidholland,1234321
14020,New Zealand,West Domenicohaven,2909 Reyna Fort\, Apt. 297,Timothy Batzz,Massachusetts,66222
14109,cmgp coluntry,cmgp city,cmgp street,cmgp name,cmgp state,cmgp postal
14029,India,Pune,Pune,Sagar Chugh,Maharashtra,411057
14056,England,Cantebury,111 Canterbury ,thomas beckett,Cantebury,94111
14018,Mexico,Mexico,Rose Venus,Max Mule,Mexico,05890
14071,USA,clarkston,1515 wild circle,mule,GA,30021
14036,US,PLANO,100 COM,Fattouh B.,TX,76666
14065,US,SF,124 sf,Mule test,CA,72222
14063,US,SF,100 SF,Mule Test,CA,72222
14023,Australia,Glen Waverley,High Street,AravRocks,VIC,3150
14064,US,SF,23434 sf,Mule test,CA,72222
14080,Test,Test,Test,Test,Test,2231TS
14046,SWEDEN,Gothenburg,,Test Testsson,,
14112,e,c,b,a,d,cmg postal
14073,USA,Springfield ,Evergreen Terrace,Homer,How knows,12345
14057,iiiii,yyy,xxx,RK,zzz,5555
14098,Belgium,Zonhoven,Runkstersteenweg 4,Aaron Noels,Limburg,3520
14062,US,SFO,100 SFO,Mule Test 2,CA,72222
14048,Netherlands,Ons Dorp,dorpstraat 4,Viva,,94111
14076,us,test,test,alerts,test,600000
14099,AMERICA,Kentucky,Highway,Dwane,OHIO,98765
14044,Dromenland,Oranje,Dorpsstraat 43,Henk bovendijk,Provincie,12345
14069,test co,test,test str,varad,test St,test po
14103,United Kingdom,london,115b graham road\, hackney,nicholas ogundipe,Hackney,e8 1pb
14050,Spanje,Hon Kong,tweedestraat 2,Jacque,Belgie,2837
14088,USA,America,America,Don Juan,WN,30320
14072,USA,aws,Nick,Jack,MN,90909
14047,Sweden,Stockholm,,Test Testsson,,94111
14089,USA,Jackson Field,Greek st.,Master Moe,TN,21322
14055,England,Cantebury,111 Canterbury ,thomas beckett,Cantebury,88881
14083,Canada,Mississauga,Airport Road,Chantelle,Ontario,1230321
14053,India,Delhi,77 Grey Street,Max,Delhi,411057
14068,US,san francisco,702 st,Max Mule,california,7687
14100,Argentina,ba,street,new,ba,1234
14102,Peronia,otra ciudad,otra calle,otro gato,otro estado,1234
14078,Fondueland,blubber,blubb,KP,blubberbluue,5400
14090,AUS,,Stephenson Road,Jim,VIC,3150
14123,India,Mumbai,12345 M G Road,Peter Gomes,MAHARASHTRA,422101
14114,Belgium,brussels,211 rue royal,krish,Brussels,1030
14086,Canada,Toronto,Airport Road,Jessica,Ontario,1230321
14081,NLD,Mies,Mies,Mies,Mies,2208MS
14120,us,ny city,aome stereet,anotehr tests,ca,91307
14094,India,Nagpur,Dhaba road,Rajesh12,MH,440013
14092,India,Nagpur,Dhaba road,Rajesh,MH,440013
14077,Fondueland,foobarhome,barstreet,fo,homefoo,5400
14108,sfsf,sdf,dsf,df,sdf,sdf
14140,United States,San Francisco,77 Geary Street ,Max Mule,California,94111
14074,USA,Springfield,Evergreen Terrace,Marge Simpson,How knows,12345
14101,Peronia,otra ciudad,otra calle,otro gato,otro estado,12345
14124,India,Mumbai,12345 S B Road,James Bond,MAHARASHTRA,422101
14085,Canada,Mississauga,5587 Creditrise Place,Saba Karim,Ontario,M3M1J8
14087,USA,George town,king st,Masho,VA,90909
14113,United States,New York,15 Saint Marks Place,Wenqing Li,New York,10003
14138,&#128512;,&#128512;,&#128512;,&#128512;,&#128512;,&#128512;
14126,India,GreaterNoida,TechZone,NishaSharma,UttarPradesh,129927
14149,United States,San Francisco,77 Geary Street,Maxwell Mule,California,94111
14091,OZ,Glen,,Jack,VIC,3150
14061,US,sfo,100 SFO,mule mule ,CA,81111
14131,France,Paris,placeholder,James,France,000000001
14096,Netherlands,Test2,Test2,Test2,Test2,411057
14110,ji country,ji city,ji street,ji name,ji state,ji postal
14128,India,Bangalore,33\,34 utopia tarabanahalli chikkajala post bangalore-562157,Nidhi Naveen,Karnataka,562157
14117,U.S.A,Valley,123 test,Another test,Ca,91307
14141,United States,San Francisco,77 Geary Street,Max Mule,California,999111
14106,test,test,test,tesst,test,test
14157,fsd,ds,as,sf,ad,55129
14179,Make Believe,Bedrock,123 Bedrock Lane,Fred Flinstone,Bedrock,32444
14119,usa,west hills,1234 test,test3,ca,91307
14147,Italia,Canosa,via Foggia,Leone di Lernia,Puglia,75099
14122,India,Greater Noida,NIIT,Gaurav Chauhan,Uttar Pradesh,201308
14067,UK,London,Baker Street,Sherlock,GB,411002
14116,United State,New York,Broadway ,Victoria,New York,10003
14111,spain,Madrid,Pepa 1,Pepa,Madrid,29087
14143,ads,asda,das,Abdul,das,sd
14115,www,www,www,wwww,ww,1030
14118,usa,Beverly hills,my street 123,more test,ca,90024
14192,New Zealand,Auckland,Domino Road,Jagger,Auckland,1024
14150,Italy,Mola,via Bottari,Dickenson plc,Calabs,88098
14190,New Zealand,Auckland,1Dominion Road,EliteDisplay221C,Auckland,1024
14066,Unknown,Hogworts,123 Gryffendor Way,Harry Potter,Magic,12345
14070,Unknown,Hogworts,Gryffendor,Hermione Granger,UNK,12345
14129,India,bangalore,23\,34,dickenson plc,karnataka,562157
14152,India,Bangalore,#108\, Celebration Block-6\,\, SunCity Apt\, Bellandur,Rakesh Kumar Gupta,Karnataka,560102
14187,New Zealand,Auckland,Dominion Road,FS Accounts One,Auckland,1024
